List1,List2,List3,baselineRecog,dayTwoList
shell,boots,crystal,pan,reptile
water,iceberg,ship,lagoon,timber
match,dough,cereal,knife,deer
curd,pin,sponge,sword,corn
jean,bees,acid,canvas,string
ash,plasma,cigar,bell,taxi
fang,piccolo,marble,kazoo,fork
tunnel,antelope,cattle,wine,toilet
laser,hen,bench,ladder,canal
flame,brick,sheath,cottage,bar
seal,venus,dice,angel,viola
cactus,lizard,anvil,jawbone,plug
tractor,rooster,hardware,boat,dinghy
curtain,hyena,meadow,bull,candle
field,target,onion,goulash,sail
globe,sugar,bone,anaconda,charcoal
snake,forest,lock,mantle,lodge
needle,canyon,deck,tabasco,atlas
bass,desk,clover,statue,talon
van,table,sail,soot,field
acorn,shower,shark,award,forklift
baton,insect,blood,heater,sugar
pipeline,tank,grave,boulder,sheet
snow,hose,tripod,seed,forest
sash,headlight,egg,plastic,brick
bay,barn,penny,football,mouse
storm,bobsled,spark,carpet,cardinal
drain,railroad,candy,blade,penny
dill,branch,apricot,pheasant,carbon
hamster,badge,spectacle,vein,bread
roach,cabinet,poultry,,belt
pine,steam,jeep,,plane
fountain,spring,yarn,,grass
coffee,cow,roll,,mine
talon,wildcat,sheet,,coin
goulash,football,anaconda,,page
pheasant,bull,angel,,salt
vein,kazoo,wine,,tape
tabasco,award,pan,,pepper
blade,soot,jawbone,,spaniel
carpet,plastic,lagoon,,missile
statue,canvas,sword,,airport
boulder,cottage,seed,,brain
mantle,boat,heater,,hyena
knife,ladder,bell,,stream
liver,army,bus,,bench
pill,grass,soil,,jersey
bridge,plane,brass,,gear
charcoal,bubble,canal,,plate
shadow,lever,lodge,,ranch
bullet,toast,monument,,shelf
cauldron,raft,pelvis,,ash
paddle,ceiling,falcon,,walnut
spud,piano,lime,,canyon
chicken,sheep,tooth,,softball
wave,plaster,belt,,deck
ball,baboon,ranch,,levee
mustard,ukelele,stake,,cliff
factory,sandwich,grill,,shadow
forklift,hawk,root,,roll
whale,buffalo,board,,plasma
mine,arrow,grail,,oak
revolver,viola,honey,,coal
stag,tanker,shelf,,saber
crown,dust,tadpole,,river
mist,fig,spoke,,orange
plug,quarter,ginseng,,toner
beam,gear,cardinal,,cow
sweater,tweed,tongue,,lizard
reef,stone,palm,,animal
spade,buggy,cone,,rod
foam,page,potato,,hen
spaniel,medal,fireplace,,baboon
oak,glass,timber,,ice
razor,mud,oil,,tadpole
concrete,ferry,door,,whale
cotton,cream,envelope,,ginseng
bush,hippo,squid,,raft
rabbit,lumber,crab,,revolver
iguana,anchor,watch,,wildcat
,,,,scone
,,,,clock
,,,,cuckoo
,,,,island
,,,,dirt
,,,,pencil
,,,,potato
,,,,badge
,,,,gazette
,,,,ledge
,,,,earth
,,,,sandwich
,,,,lemon
,,,,bees
,,,,tiger
,,,,tassel
,,,,steam
,,,,branch
,,,,fireplace
,,,,paddle
,,,,chicken
,,,,flame
,,,,acid
,,,,tongue
,,,,pool
,,,,stag
,,,,wave
,,,,space
,,,,piccolo
,,,,train
,,,,liver
,,,,fountain
,,,,bubble
,,,,meadow
,,,,dill
,,,,furnace
,,,,straw
,,,,violin
,,,,wand
,,,,tripod
,,,,octopus
,,,,window
,,,,cloud
,,,,tooth
,,,,frog
,,,,saddle
,,,,jacket
,,,,leaf
,,,,antelope
,,,,heliport
,,,,brace
,,,,cement
,,,,dust
,,,,highway
,,,,lead
,,,,moon
,,,,slide
,,,,barn
,,,,fog
,,,,piano
,,,,table
,,,,acorn
,,,,army
,,,,baton
,,,,bacon
,,,,mane
,,,,milk
,,,,clover
,,,,root
,,,,film
,,,,target
,,,,tanker
,,,,yarn
,,,,steel
,,,,ballot
,,,,ball
,,,,sash
,,,,scaffold
,,,,grave
,,,,log
,,,,sheep
,,,,spring
,,,,monument
,,,,trailer
,,,,butter
,,,,candy
,,,,oil
,,,,pistol
,,,,battery
,,,,chain
,,,,shower
,,,,gauntlet
,,,,fence
,,,,whiskey
,,,,cauldron
,,,,bass
,,,,llama
,,,,drill
,,,,seal
,,,,blood
,,,,galaxy
,,,,headlight
,,,,cleaver
,,,,pill
,,,,creek
,,,,grain
,,,,rubber
,,,,frame
,,,,circuit
,,,,sweater
,,,,ukelele
,,,,turbine
,,,,fort
,,,,railroad
,,,,glass
,,,,moat
,,,,shark
,,,,tiara
,,,,airship
,,,,steak
,,,,cabin
,,,,reach
,,,,couch
,,,,rust
,,,,clay
,,,,ferry
,,,,plaster
,,,,tweed
,,,,bolt
,,,,heart
,,,,board
,,,,jean
,,,,tunnel
,,,,van
,,,,medal
,,,,bear
,,,,skeleton
,,,,buffalo
,,,,house
,,,,cougar
,,,,buggy
,,,,brush
,,,,hardware
,,,,reef
,,,,cone
,,,,scanner
,,,,blanket
,,,,button
,,,,marble
,,,,stair
,,,,snake
,,,,dog
,,,,pot
,,,,closet
,,,,cat
,,,,beacon
,,,,parcel
,,,,bark
,,,,stone
,,,,tank
,,,,bullet
,,,,sewer
,,,,coast
,,,,bay
,,,,rope
,,,,barrel
,,,,jackal
,,,,trail
,,,,toast
,,,,pitcher
,,,,lever
,,,,hamster
,,,,dice
,,,,egg
,,,,pollen
,,,,lawn
,,,,concrete
,,,,door
,,,,mud
,,,,foil
,,,,bottle
,,,,cigar
,,,,lantern
,,,,gorilla
,,,,viper
,,,,basket
,,,,nut
,,,,factory
,,,,submarine
,,,,light
,,,,spade
,,,,tobacco
,,,,brass
,,,,cattle
,,,,hose
,,,,mountain
,,,,balloon
,,,,soil
,,,,ale
,,,,spud
,,,,storm
,,,,rooster
,,,,coffee
,,,,plant
,,,,pine
,,,,falcon
,,,,camera
,,,,cactus
,,,,computer
,,,,bat
,,,,cord
,,,,rice
,,,,bone
,,,,apricot
,,,,ceiling
,,,,desk
,,,,curtain
,,,,tent
,,,,grill
,,,,cabinet
,,,,spoke
,,,,tractor
,,,,chair
,,,,fowl
,,,,foam
,,,,razor
,,,,coyote
,,,,insect
,,,,pelvis
,,,,hay
,,,,grove
,,,,bridge
,,,,lime
,,,,tire
,,,,onion
,,,,slate
,,,,snow
,,,,sheath
,,,,pottery
,,,,muzzle
,,,,jeep
,,,,eye
,,,,paper
,,,,anvil
,,,,baggage
,,,,guitar
,,,,horse
,,,,rail
,,,,ocean
,,,,net
,,,,fang
,,,,crown
,,,,palm
,,,,lock
,,,,venus
,,,,cooler
,,,,globe
,,,,spark
,,,,arrow
,,,,hawk
,,,,pasture
,,,,cannon
,,,,stake
,,,,cane
,,,,spectacle
,,,,bobsled
,,,,thread
,,,,mixer
,,,,mortar
,,,,slush
,,,,drain
,,,,jaguar
,,,,mist
,,,,lion
,,,,piston
,,,,grail
,,,,catnip
,,,,rake
,,,,mustard
,,,,quarter
,,,,poultry
,,,,beam
,,,,marker
,,,,bus
,,,,fig
,,,,pipeline
,,,,needle
,,,,laser
,,,,honey
,,,,ghost
,,,,urchin
,,,,compass
